Ingresa tu correo:,Avatar,Vengadores: Endgame  ,Titanic,Star Wars: El despertar de la fuerza,Spider-Man: No Way Home,Jurassic World,El rey león,Fast & Furious 7,Harry Potter y las reliquias de la muerte,Frozen,Los Increíbles ,Iron Man 3,Aquaman,Los Minions,El señor de los anillos: El retorno del rey,"Transformers: El lado oscuro de la luna
",El caballero oscuro: La leyenda renace,Parque Jurásico,Joker,Cj7:Juguete Del Espacio ,Piratas del Caribe: El cofre del hombre muerto,Toy Story ,Piratas del Caribe: La venganza de Salazar,Aladdin,Alicia en el país de las maravillas,Buscando a Nemo,Zootrópolis,La Purga,Willy's Wonderland,El Hoyo,La Mascara,Jhon Wick: Parabellum
klajo,4,5,3,1,5,5,4,2,5,5,5,5,3,4,2,3,3,5,5,5,5,5,5,3,4,4,4,3,4,2,5,3
ccamilaqu,4,4,4,4,4,4,4,4,4,4,4,4,4,4,4,4,4,4,4,4,4,4,4,4,4,4,4,4,4,5,4,4
agomeztit,5,3,3,3,3,3,3,1,3,4,3,3,3,3,3,3,5,2,5,5,3,4,3,2,3,3,3,3,3,4,5,3
rabrilm,3,,4,,,,,5,5,,3,,,,,,,,5,,5,3,5,,,4,,,5,4,5,
acamargoca,2,4,3,2,4,3,2,1,,4,4,3,2,5,,3,4,5,3,5,,4,,1,1,2,2,4,,5,4,
Kvaleroa,3,3,3,3,2,5,3,5,4,4,4,4,2,5,2,2,2,4,5,5,4,3,4,5,4,4,5,5,4,5,5,4
 joushec2512,,,,,,,,,,,,,,,,,,,,,,,,,,,,,,,,
elhuamani,5,5,4,5,4,5,5,5,5,3,3,3,3,4,5,5,3,3,4,2,5,4,5,1,1,2,2,1,5,3,4,5
mlh.melody.2002,5,5,,,4,4,3,4,3,3,3,4,,3,3,4,3,5,5,3,5,2,4,,,3,2,,4,5,5,4
eduvargasrivera223,5,5,3,4,5,4,2,3,3,2,3,4,2,2,5,5,4,5,5,3,5,5,4,2,5,4,4,3,4,5,5,4
shanccohui,,3,4,,3,4,2,5,4,4,3,4,,,5,5,4,5,5,5,5,4,4,4,3,4,5,5,4,4,5,4
efloresmal,3,5,2,2,5,2,2,1,2,3,3,2,2,3,2,3,3,4,5,4,4,4,3,3,3,4,4,2,3,5,2,2
mcaceresramo,3,3,4,,5,,,5,3,1,3,,,2,5,,5,2,5,,5,5,5,4,4,4,5,5,5,5,5,
sebascorr3,1,4,1,3,4,5,1,4,4,4,5,5,1,5,1,4,4,3,4,5,4,5,3,5,3,4,4,1,3,5,5,3
yessicasuarez0820,5,5,3,1,1,3,5,5,3,1,5,3,5,5,4,3,5,2,5,5,5,3,5,5,3,5,5,3,1,5,5,5
psanchezsa,4,5,3,5,5,4,5,5,5,2,5,5,5,3,5,5,5,3,4,5,3,3,5,5,4,4,5,5,3,5,4,5
suareznieblerafael2021,5,5,5,1,1,3,5,1,3,1,5,1,5,1,5,5,5,5,5,5,5,5,5,5,1,5,5,1,5,5,5,5
imontalvo,1,5,4,1,2,5,2,3,5,5,5,4,2,3,2,5,4,5,5,4,5,5,5,1,,5,5,2,1,4,3,3
rparedesmor,4,4,5,4,4,5,4,4,4,4,4,4,4,5,4,4,5,5,5,5,5,4,5,5,5,5,4,4,2,3,5,4
teleco.god,2,4,4,2,4,5,3,4,3,4,5,5,3,4,2,5,3,5,3,5,3,5,3,3,5,5,4,4,4,3,5,2
brisarakionera,2,5,5,3,4,5,2,5,2,4,4,5,2,5,2,5,2,5,4,5,2,5,2,3,4,4,4,5,4,5,5,2
raulcornejoapaza,4,4,3,3,5,4,4,3,3,3,4,5,5,3,4,5,5,5,5,3,5,3,4,4,3,3,2,5,5,2,4,5
jmendozaco,3,4,4,,5,3,4,,,3,4,2,4,3,4,3,,,5,4,3,3,,,4,3,4,,5,1,5,
paricahuabrayan,2,4,4,2,4,4,4,4,3,4,5,5,2,4,2,5,3,5,3,5,3,5,3,4,5,5,4,4,2,4,5,2
bchavezcha,5,1,1,5,3,1,1,3,3,1,1,3,3,3,5,2,3,1,3,4,5,1,5,2,5,2,2,4,3,5,5,5
mccahuanaq,5,5,,2,4,5,5,5,3,2,3,5,2,1,4,5,1,5,5,2,5,1,5,,,1,2,1,5,5,2,5
mlh.melody.2001,5,5,,2,3,4,4,5,2,5,5,4,2,1,2,5,4,5,5,1,5,2,5,,,1,1,1,4,2,5,5
lugim.2002,4,5,,1,3,4,4,5,4,1,1,5,2,1,2,5,3,5,4,,5,3,5,,,,1,1,2,,,5
alivesoul.2002,2,4,3,1,4,1,5,4,3,2,1,5,3,1,1,4,4,4,4,1,4,1,1,,,2,2,4,3,2,5,5
Chesterymaria2017,5,3,1,4,2,3,2,3,3,2,2,2,2,2,1,3,2,2,1,5,4,5,3,3,3,3,3,4,5,2,5,1
rxanderpq,5,4,1,5,5,5,5,5,5,5,3,5,2,5,3,5,3,4,5,5,5,5,5,3,5,5,4,5,4,4,5,4
ifigueroas,4,5,4,4,4,3,3,4,5,3,4,4,3,3,5,4,3,3,5,5,5,4,4,3,3,4,3,4,3,4,5,5
vichciro,4,3,2,2,4,2,1,3,3,4,5,5,2,2,4,3,3,5,5,5,3,2,4,2,1,2,3,4,2,2,3,3
correodeciro1234,2,4,4,2,2,3,4,3,5,3,3,2,3,4,4,4,2,2,2,3,3,3,4,4,2,3,3,3,4,5,3,5
asalinasal,4,5,5,4,4,5,5,5,4,5,5,4,2,5,5,5,5,5,5,5,5,4,5,5,5,5,5,5,5,4,5,5
amifisa69,5,5,2,,5,4,4,,,3,,4,4,5,4,4,4,,5,4,5,5,5,5,5,4,5,5,5,5,3,5
eyucrasul,4,3,5,4,4,5,5,3,5,4,4,4,5,5,5,5,5,5,5,3,5,2,5,2,3,4,5,4,2,2,3,5
oscarelicv,3,5,5,4,4,4,5,5,4,3,5,5,5,5,3,5,5,5,5,3,4,4,4,4,3,4,5,4,4,4,4,5
fmirandaa,3,5,1,2,5,3,2,5,5,1,5,3,5,3,5,5,5,5,5,5,5,5,5,2,5,2,5,5,2,5,5,5
cmaron,5,5,5,5,5,5,5,5,5,5,5,5,5,5,5,5,5,5,5,5,5,5,4,5,5,5,5,5,5,5,5,5
mmendozala,5,4,5,4,4,4,4,4,5,4,4,4,5,5,5,5,4,5,5,4,5,5,5,4,5,5,5,4,4,5,5,5